Name,Lat,Long,UID
  Торайғыров генералы Дүйсенов көшесі,52.294865277778,76.942828333333,-520273
" 2 шағын аудан, Октябрь қонақ үй аумағы",52.189221666667,61.198026944444,-521953
 Burns - Washington St. Collocation 2,43.58925,-119.04872,-498529
1-й Трудовой переулок,46.396,48.102,-358447
3-я Железнодорожная улица,54.942,73.444,-400501
"343 квартал көшесі, 13/2",50.436745555556,80.243555833333,-517735
46Н-05242,54.91813135648,39.25343155861,-397537
"Aberdeen Wellington Road, United Kingdom",57.134195,-2.093968,5968
"Aberdeen, South Dakota, USA",45.468596,-98.494061,13133
"Abitibi, Quebec, Canada",48.5706148,-77.9494546,5442
Abo Qala _Sur,22.5222222222221,59.4880555555556,-516175
"Acadia NP - McFarland, Maine, USA",44.377048,-68.260902,7428
Acegua,-31.878337,-54.159444,-548200
"Achill Island, Co. Mayo, Ireland",53.92978,-9.92961,14763
"Actur, Zaragoza, Spain",41.675,-0.88694444444444,11994
"Addis Ababa US Embassy, Ethiopia",9.058498,38.761642,9059
Agbogbloshie,5.5514696,-0.2192658,-500734
"Agia Paraskevi, Greece",37.99510574,23.81941795,12412
"Agurain, Salvatierra, País Vasco, Spain",42.849000000113,-2.3936999998935,6711
"àiqīng shīgē guǎn, Shihezi (石河子艾青诗歌馆)",44.2967,86.0497,7250
"Airvault Centre, PoitouCharentes, France",46.824363888889,-0.13546111111118,5084
"Ajabshir, Tabriz, AZ-East, Iran (آذربایجان شرقی تبریز عجب شیر)",37.489477,45.886596,10650
"Ajaccio Canetto, France",41.92466736,8.73567581,5022
"Aksaray, Turkey",38.364483,34.028539,4093
Al Shahid Ahmed Magdy Street,30.008,31.424,-527650
"Alamo Lake, Arizona, USA",34.243889,-113.558611,8392
"Alanya, Turkey",36.5550613816888,31.9864817485429,14799
Albany,-35.0238227,117.8847286,6440
"Albany, Georgia, USA",31.576917,-84.100194,3913
Albury South-west Slopes,-36.05182,146.9398,3273
"Alcornocales, Los Barrios, Spain",36.233864730459,-5.6634960942353,9033
AlDaayen,25.521017,51.470679,-538942
"Alençon Météo-France, France",48.4455319865787,0.110833528243159,4605
Alexandria Sydney East,-33.905317,151.197267,-539506
Alghubrah - Bidiyah,22.4627499999996,58.7600277777778,-513568
Alkoud - Alseeb,23.6230555555554,58.2033333333332,-513571
ALMAZYOUNA,17.8447777777773,52.6702777777775,-532759
Almoloya de Juárez,19.370438888889,-99.75275,-470323
AlRayyan,24.957308,50.942103,-538957
Alsafa - Ibri,23.1842499999997,55.4549999999997,-513592
AlSheehaniya,25.456721,50.950768,-538948
"Altesland, Germany",52.9364915,9.0753464,6223
"Alto Hospicio, Chile",-20.290466881209,-70.100192427636,8819
"Amasya, Turkey",40.6675549826002,35.8355412130616,4115
Ambatobe,-18.877016,47.556103,-461398
"AMP Kaštijun, Croatia",44.837777444444,13.883888555556,12481
"Anand Kala Kshetram, Rajamahendravaram, India",16.9872867,81.7363176,11303
"Ankang, Chongqing (重庆安康)",31.162833,108.387222,9239
"Anthoni Pillai Nagar, Gummidipoondi, India",13.4127,80.1081,13807
"Antofagasta, Chile",-23.61354215815,-70.383315682411,418
"Ardahan, Turkey",41.1063340182046,42.7052460701823,4055
"Ardesen, Turkey",41.191763,40.989822,8751
"Arica, Chile",-18.47683929771,-70.287911433372,4982
Armidale Northern Tablelands,-30.50851,151.66173,10718
"Art Center, Aksu (阿克苏地区艺术中心)",41.1933,80.2956,7237
"Art vocational school, Tongliao (通辽艺术职业学校)",43.6801,122.2532,7302
"Asansol Court Area, Asansol, India",23.685297,86.945968,11271
"Ashburton, New Zealand",-43.9083813,171.7485672,9099
"Ashok Nagar, Udaipur, India",24.5886166,73.6321397,11314
"Association, Haifa and Krayot, Israel (ישראל,איגוד, חיפה וקריות)",32.789,35.03992,9978
"Asveien skole, Trondheim, Norway",63.415358,10.368372,13459
Atlixco,18.920673,-98.420996,-501217
"Auchencorth Moss, United Kingdom",55.79216,-3.2429,3159
"Augusta, Georgia, USA",33.433349,-82.022217,3908
"Avcilar, Turkey",40.987368,28.72999,9564
Avenue de l'Est,48.906,2.351,-109429
Avenue Principale,48.2382656546,-79.0199628833,-524551
"Avignon Mairie, PACA, France",43.949673,4.804341,6893
Avrory Street,53.214,50.192,-538471
Ayr,-19.5839,147.4059,5125
"Azdavay, Turkey",41.682081395105,33.4935904030351,13934
Baan Khaay Yaan,11.7928408577065,99.7518701729411,-466522
"Backeparken, Drammen, Norway",59.749526,10.165301,13451
"Bad River, Wisconsin, USA",46.60234,-90.65615,11750
"Badlands, South Dakota, USA",43.746944,-101.941109,7491
"Baekryeongdo, Incheon, South Korea (백령도 인천)",37.938413,124.645669,4544
"Bagongshan District Government, Huainan (淮南八公山区政府)",32.6319,116.8306,7101
"Bakar Arang, Sg. Petani, Kedah, Malaysia",5.629631,100.467771,2582
"Balok Baru, Kuantan, Pahang, Malaysia",3.960644,103.382158,2591
Ban Tha Pong Daeng,19.27228431481,97.94834822416,-217501
Bangladesh Television Chattogram Center,22.360487,91.800454,-538645
Bangladesh Television Rangpur Subcenter,25.747371,89.228931,-538642
"Baniyas/Saad Bin Obadah Primary School, UAE",24.321381522137,54.636042214337,3775
"Banjarbaru, Indonesia",-3.475,114.856,8292
Baoding (保定),38.873891,115.464806,1458
Baoji (宝鸡),34.36198,107.237974,1571
"Bardowali, Agartala, India",23.8175497,91.2726974,14139
Baruun 4 zam - 2,47.9157573489742,106.89403449692,-546181
"Bastia La Marana, France",42.535825,9.4759777777779,5025
"Batman, Turkey",37.9006101,41.1289489,4085
"Baton Rouge Capitol site, Louisiana, USA",30.46198,-91.17922,6513
"Batumi Str. 19, Rustavi, Georgia",41.5462,45.0145,12472
"Bauru, São Paulo, Brazil",-22.326608397,-49.092759305,332
"Bay City, Michigan, USA",43.5714,-83.8908,5323
"BDA, Xinzhou (忻州开发区)",38.4519,112.7383,3536
"Bded, North Carolina, USA",35.6075,-82.5833,7439
"Begur, Catalunya, Spain",41.958676874334,3.2128544116698,11759
"Běihú, Nanning (南宁北湖)",22.8561,108.316,1333
"Bengkulu, Indonesia",-3.865,102.312,13644
"Benicassim, Valencia, Spain",40.062222220285,0.072777770022728,6633
Benxi (本溪),41.294176,123.766485,1477
Big Five False Bay Ward 3,-27.90196729076,32.31903618769,-182260
Bikernieku Street,56.96742412455,24.19557183981,-350818
"Billère, Aquitaine, France",43.310797098585,-0.391543002366,5060
"Bintulu, Sarawak, Malaysia",3.177084,113.041091,2607
"Biotuotetehdas, Kemi, Finland",65.75865,24.53986,13865
"Bismarck Residential, North Dakota, USA",46.8253,-100.7681,7445
"Bjorndalssletta, Kristiansand, Norway",58.16232369,8.02377464,13454
Blackwater,-23.5627,148.8807,12399
"Blair Street, Missouri, USA",38.656449,-90.198548,7350
"BLM-Kaktovik, Alaska",70.12157,-143.608693,-469429
"Bondville, Illinois, USA",40.0519,-88.3724,7638
"Bonifay Tri-County Airport, Holmes, Florida, USA",30.848611111111,-85.603888888889,6294
"Borazjan, Dashtestan, Bushehr, Iran (برازجان دشتستان بوشهر)",29.273705,51.216588,11231
"Bottenviksvägen, Pietarsaari, Finland",63.67912,22.71837,4931
"Boulogne Diderot, Nord-Pas-de-Calais, France",50.717,1.60591,14089
"Bourg de Schoelcher, Martinique, France",14.616389,-61.100789,5007
"Bourges-Platz, Augsburg, Germany",48.3770478,10.8894009,9572
"Bouteillerie, Nantes, Loire, France",47.2222,-1.53743,4995
"bówùguǎn, Pingliang (平凉博物馆)",35.5294,106.7039,7147
"Box Elder, Utah",41.492802,-112.0187,4461
"Brainerd, Minnesota, USA",46.3944,-94.1433,7333
"Bredkälen, Sweden",63.84549728484,15.3197303354782,10521
"Brooks Meadowplace, Alberta",50.558969,-111.863769,-524449
Buffalo,42.8864468,-78.8783689,5879
"Buffalo Narrows, Saskatchewan, Canada",55.8628398,-108.4794604,5923
Bukha \ Musandam,26.0747944444444,56.0998861111108,-545716
Bulevardul Decebal,44.309702,23.835374,-194461
Bulevardul Poitiers,47.134354,27.572893,-124225
Bunbury,-33.3270685,115.6391736,6438
"Burdur, Turkey",37.722117,30.29384,4046
"Bureau of Meteorology, Jiayuguan (嘉峪关气象局)",39.7711,98.2908,3723
"Burin, NewFoundland, Canada",47.098988,-55.198521,5733
"Burns Lake Fire Centre, British Comlumbia, Canada",54.230731,-125.764354,4207
Bushfire Monitoring Coffs Harbour,-30.29828,153.11811,12534
C3 Road (5th Avenue) - Rizal Avenue Extension,14.6444314471963,120.984086,-544789
"Caen Chemin-Vert Square Schuman, France",49.1922082793814,-0.391111312781115,4606
Cairns,-16.96162,145.7436,14899
Calabar,5.025292,8.348425,-471622
"Caletillas, Canarias, Spain",28.376713000124,-16.361928000393,6760
"Calgary Central 2, Alberta, Canada",51.0471506,-114.0731477,5477
Calle Guayacanes,19.806,-70.704,-52315
Camp Hill,52.5284,-1.5077,-110575
Campbelltown West Sydney South-west,-34.06657,150.7952,3261
"Campo De Marte, Lima, Peru",-12.07054,-77.04322,380
"Cannons Lane, Kentucky, USA",38.2286,-85.6544,7409
Cañon City,38.43829,-105.24504,-500095
"Canton, Ohio, USA",40.800797,-81.372853,7458
"Cape Romain, South Carolina, USA",32.941002,-79.656998,7546
"Carapungo, Quito, Ecuador",-0.095472,-78.449809,6943
"Cardiff Centre, United Kingdom",51.48178,-3.17625,3167
"Carlsbad, New Mexico, USA",32.38,-104.26222,6275
"Carpenter, Des Moines, Iowa, USA",41.603056,-93.643056,6924
"Carranque, Malaga, Spain",36.719640000314,-4.4474999999723,8488
"Casper Gaseous, Wyoming, USA",42.82231,-106.36501,11933
"Castle H, North Carolina, USA",34.3561,-77.8617,7544
"Caudete de las Fuentes, Valencia, Spain",39.558611109938,-1.2813888797326,6642
"Cave Junction, Oregon, USA",42.1617,-123.64835,73
Cayenne-Bouchon,4.920833,-52.321944,-532222
"Cedar Bluff, Kansas, USA",38.7703,-99.7636,10181
"Cee, Galicia, Spain",42.953600000272,-9.1861000002148,14190
Central Tablelands LLS Cowra,-33.8447,148.65,13768
Central West LLS Dubbo,-32.2196,148.5777,10719
"Centro cívico, Galicia, Spain",43.302299999733,-8.5060000001115,14185
"Centro, CHIH1, Chihuahua -Estatal, Mexico",28.652227777778,-106.08535833333,13287
"Cerro Merquín, Chile",-37.021182877699,-73.149555550926,10693
"Ceske Budejovice, Jihocesky, Czech Republic",48.984386388889,14.465683888889,2724
"Çeşme, Turkey",38.27904,26.2341,14856
Chaffey Common,-34.8541737,138.6297734,-110986
Chagrin-Warrensville,41.4647167449013,-81.5359520368032,-495007
"Chalai Bazaar, Ramanathapuram, India",9.36399,78.831977,14129
"Chalon Centre Ville, France",46.78231,4.847322,11950
"Changning Xianxia, Shanghai (长宁仙霞)",31.2060391,121.3892098,10193
"Chanute, Kansas, USA",37.67696,-95.47594,13146
Chaoyang (朝阳),41.573734,120.450372,4345
"Chenggong New Area, Kunming (昆明呈贡新区)",24.8885,102.821,1378
"Cheoncheon-dong, Suwon-si, Gyeonggi, South Korea (천천동 경기)",37.292756,126.975303,3948
"Cheras,Kuala Lumpur, Wilayah Persekutuan, Malaysia",3.106236,101.717917,2626
Cherokee Central Schools,35.512404575885,-83.2991320212548,-534253
"Cheyenne NCore, Wyoming, USA",41.18222,-104.778336,9526
"chiangmai, CMIS ",18.797768,99.004599,-106072
"Chom Nan Chaloem Phrakiat Public Park, Thailand (สวนชมน่านเฉลิมพระเกียรติ)",16.820833,100.258056,13635
Chornobyl Radiation Ecological Biosphere Reserve,51.200329,30.392301,-374818
CHS 7 S1 379736,-33.411491,-70.728821,-534727
"Chuo, Soja, Okayama, Japan (総社総社市)",34.6738544,133.7447896,2229
"Cincinnati Near Road, Ohio, USA",39.146025,-84.538375,9519
CINCOHILOS,14.580833,-90.502222,-518311
"Cipro, Roma, Lazio, Italy",41.9071831,12.4466876,9348
"City Environmental Building, Bayannur (巴彦淖尔市环保大楼)",40.7378,107.3715,7307
"City Environmental Monitoring Station, Baoshan (保山市环境监测站)",25.1081,99.1678,7209
"City EPA, Lhasa (拉萨市环保局)",29.6747,91.1221,1385
"City EPA, Lincang (临沧市环保局)",23.8822,100.0869,7217
"City EPA, Pu'er (普洱市环保局)",22.7633,100.98,14517
"City government, Sanmenxia (三门峡市政府)",34.7772,111.1928,4311
"City government, Shanwei (汕尾市政府)",22.7953,115.3578,4271
"City government, Xilin Gol Meng (锡林郭勒盟市政府)",43.9311,116.0781,7314
"City Hall - Durban-NAQI, eThekwini Metro, South Africa",-29.858283,31.027286,11834
"City Hall, Chiangmai, Thailand (ศาลากลางเชียงใหม่)",18.840732,98.96978,6817
"City hopital No 4, Huaihua (怀化市四医院)",27.5342,109.9792,7814
"City Monitoring Station, Baise (百色市监测站)",23.9011,106.6103,7199
"City Station, Altay (阿勒泰地区市站)",47.8515,88.1267,7249
"Civil Line, Jalandhar, India",31.321907,75.578914,11299
Clínica de Nutrición,31.655,-106.46638888889,-470440
"Clinton, Houston, Texas",29.7337263,-95.2575931,201
Cloverdale Veterans Center,38.804398211551,-123.018253287186,-490543
"Coachline, Pima County, USA",32.380816,-111.127157,5962
Cochrane,-47.254803255147,-72.571392059326,-470500
"Cold Lake South, Alberta, Canada",54.4138811,-110.2330575,5863
"Collector Office, Yadgir, India",16.7602,77.1428,12440
"Collectorate, Jodhpur, India",26.268249,73.0193853,12433
"College Road, Yinchuan (银川学院路)",38.5036,106.1358,1412
"Columbia Falls, Montana, USA",48.363694,-114.189272,8532
"Colusa-Sunrise Blvd, Colusa, California",39.18919,-121.99887,298
"Colville Tribe, Omak, Washington, USA",48.39999,-119.51896,131
Community Sensor #4,34.9989214,-106.6759855,-538990
"Conklin Community, Alberta, Canada",55.632331,-111.078872,9292
"Consultorio - San Vicente, Chile",-36.723695141848,-73.123658865174,10692
Cooredor bloco B,-5.81284330376,-35.20309746265,-482680
"COPA - Nuiqsut, Alaska",70.223686,-151.000021,-477526
"Copiapo Sivica, Chile",-27.370329154948,-70.323906678352,4975
"Coquimbo, Chile",-29.970390235273,-71.336038250122,4977
"Corner Brook, NewFoundland, Canada",48.95223,-57.92204,5732
"Corsicana Airport, fort Worth, Dallas, Texas",32.0319398,-96.3991377,226
"Coyhaique, Chile",-45.57996447948,-72.061125987766,445
Crowd effort development,40.227134,44.498699,-506545
"Crown Terrace, Sabadeco",12.1982354,-68.2928808,-528652
"Çukurova, Turkey",37.0400888850044,35.2698772994523,13906
"Cuncumen , Chile",-31.889278312544,-70.629311769684,14738
"Đà Nẵng/Hòa Thuận Tây, Hải Châu - KTTV - Trạm cảm biến, Vietnam",16.043252,108.206826,13658
"Danbury, Connecticut, USA",41.4014,-73.4447,7385
Dandong (丹东),40.0005,124.354707,3476
"Danmarksplass, Bergen, Norway",60.37408,5.34042,2629
DANO CAL GPedroAlcanH 1a84ec,3.4886,-76.496201,-478336
DANO CUC JulioPerezFsede1 59906b,7.8828,-72.518097,-484879
Darkhan KITY 06 khiimori,49.473988,105.968548,-518950
"Darshan Nagar, Chhapra, India",25.7808257,84.7446768,13813
Dārziņi,57.28,27.07,-212278
"Dàshí xī lù, Chengdu (成都大石西路)",30.65638889,104.0238889,8319
"David Agmashenebeli Avenue 73a, Tbilisi, Georgia",41.708829,44.799661,13205
"Debrecen Kalotaszeg tér, Debrecen, Hungary",47.513384,21.624621,3378
"DehyariArdakan, Ardakan, YAZD, Iran (اردکان  اردکان یزد)",32.3406492,53.9652853,10644
Deken Demolstraat,50.99933,3.31708,-373873
"Del Norte, New Mexico, USA",35.1353,-106.584702,9622
"Delta Junction Sensor, Alaska",64.046217,-145.734524,-469432
"Deming Airport, New Mexico, USA",32.255833,-107.72266,6276
"Denton Airport South, fort Worth, Dallas, Texas",33.2190564,-97.1962872,205
"Derry Rosemount, United Kingdom",55.002818,-7.331179,8914
"Detroit Lakes, Minnesota, USA",46.8511,-95.8467,7338
"Deukhuri, Dang",27.845004,82.716154,-517783
"Devils Lake, Wisconsin, USA",43.4351,-89.67979,5927
"Dingbian County No. 4 Middle School, Yulin (榆林定边县第四中学)",37.593055559767,107.59555559991,11157
"dìqū huánbǎo jú, Turpan (吐鲁番地区地区环保局)",42.9559,89.1673,7230
"dìqū jiāncè zhàn, Kumul (哈密地区地区监测站)",42.8172,93.5128,7231
"District Environmental Protection Bureau, Hulunbuir (呼伦贝尔区环保局)",49.2261,119.7594,7303
"District radiation station, Lhasa (拉萨区辐射站)",29.6588,90.9798,1388
"DM Office_Kachari Chowk, Bhagalpur, India",25.251013,86.989001,13815
Doctor J.M. den Uylstraat,51.83719931,4.99609178,-530107
"Dole, France",47.09534,5.49081,6391
Dombrovskogo Street,50.2668158357114,28.6536401819981,-461218
"Dona Park, Corpus Christi, Texas",27.8118142,-97.4657005,211
"dōng mén wài xiǎo yóuyuán, Tacheng (塔城地区东门外小游园)",46.7432,82.9994,7247
Dongfang (东方),19.095361,108.651775,5190
"Donghaehang, Gangwon, South Korea (동해항 강원)",37.489817,129.123223,13523
"Dorset, Ontario, Canada",45.224278,-78.932944,7
Downtownish Lynchburg,37.4143,-79.1432,-510586
"Druzhba, Sofia, Bulgaria (Дружба, Столична)",42.6483638,23.4011233,8084
Duala,6.376,-10.782,-191917
"Duluth-WDSE, Minnesota, USA",46.8183,-92.0892,11929
"Dundee Meadowside, United Kingdom",56.464258,-2.971386,5973
"duodao, Jingmen, Hubei (荆门掇刀)",30.9892,112.1969,6957
Duqum 2,19.7237499999999,57.6440555555554,-513625
"Durango, Durango, Mexico",24.03447,-104.64503,8865
"Dushanbe US Embassy, Tajikistan",38.55767,68.77592,11895
"Dushanzi District, Karamay (克拉玛依独山子区)",44.3336,84.8983,4298
"East Syracuse, New York, USA",43.052351,-76.059185,11437
"Eau Claire Dot, Wisconsin, USA",44.76249,-91.41445,5928
"Ecole Jean Macé, Brest, France",48.38618,-4.4866,3146
"Ecole La Marine, Reunion, France",-20.910583333333,55.618916666667,5032
"ٍEdare kol, Zahedan, Sistan va blouchestan, Iran (اداره کل محیط زیست زاهدان زاهدان سیستان و بلوچستان)",29.4834468,60.8512535,13896
"edareHSE-bahrebardariNaft-GazMasjesSoleyman-2, MasjedSoleyman, Khouzestan, Iran (مسجد سلیمان محیط زیست مسجد سلیمان خوزستان)",31.983476,49.245043,12765
"Edirne Karaagac, Turkey",41.65914,26.53732,8150
"Edirne Kesan, Turkey",40.849306,26.637056,8151
"Edmonton East, Alberta, Canada",53.5482115,-113.3680856,5483
"El Charco-Pto del Rosario, Canarias, Spain",28.506160000138,-13.848979999944,6762
"Elderly Health Rehabilitation Center, Thailand (ศูนย์ฟื้นฟูสุขภาพผู้สูงอายุ)",8.426923,99.961469,13629
"Elk Falls Dogwood, British Comlumbia, Canada",50.018425,-125.2844,4239
"Elk Island, Alberta, Canada",53.6824,-112.8681,5486
"Elm o San'at, Tehran (علم و صنعت تهران)",35.7398111,51.5114306,10626
"Eme F, Chile",-28.466423001884,-71.221554279327,14740
"Employment Office, Moradabad, India",28.88528,78.7388,13717
"Environment protection office, Liaoyuan (辽源环保局)",42.8947,125.1358,7284
"Environmental Monitoring Station, Qujing (曲靖环境监测站)",25.5035,103.7897,4302
"EPA building, Quzhou (衢州市环保大楼)",28.94041667,118.8713056,759
"EPA Taobei, Baicheng (白城洮北区环保局)",45.6289,122.8444,7292
"Erda, Tooele, Utah",40.539317969113,-112.29978553325,12861
"Erzincan, Turkey",39.7434100486098,39.495159074981,4059
ES_George,-34.0517,22.2087,-469552
"ES_Motherwell, Alfred Nzo, South Africa",-33.789662,25.618592,14932
"Eskom-Ezamokuhle, Nkangala, South Africa",-25.978832,28.942892,14048
"Eskom-Medupi, Waterberg, South Africa",-23.738521,27.540346,14056
"Eskom-Sivukile, Gert Sibande, South Africa",-26.741956,29.608826,14073
Estação Vila Polopoli,-23.5739035704331,-46.7473175594978,-504775
"Estevan, Saskatchewan, Canada",49.132372,-102.985,9283
"Evansville-Buena Vista, Indiana, USA",38.0133,-87.5772,7323
"Fahraj, Kerman, Iran (فهرج كرمان)",28.946228,58.884664,11263
"Faial, Horta (Ilha do Faial), Portugal",38.605,-28.631388888889,8384
"Farhangsara, Karaj, Alborz, Iran (فرهنگسرا کرج کرج البرز)",35.80749123,50.9884444,11252
"Farming Vehicule Factory, Qiqihaer (齐齐哈尔农牧车辆厂)",47.3227,123.9483,3633
"Farrell, Pennsylvania, USA",41.215,-80.485,5893
"Faubourg B, New Caledonia",-22.278905555556,166.452925,3153
"Fènghuáng shān, Zibo (淄博凤凰山)",36.66555556,117.9233333,526
"Fenglong Montain, Shijiazhuang (石家庄市封龙山)",37.91,114.354,648
"Fengrun District Government, Tangshan (唐山市丰润区政府)",39.839,118.169,4639
FHSR Resort,50.3274073782912,-115.842334529919,-499345
"Finanzas, Saltillo, Coahuila, Mexico",25.421472222222,-100.99686111111,9178
"Fivco, Kentucky, USA",38.4592,-82.6339,7328
"Flemington, NewJersey, USA",40.51527,-74.80666,3575
"Flin Flon, Manitoba, Canada",54.7686,-101.877555,6910
"Floyd Dryden, Alaska",58.388889,-134.565556,7610
"FNSB NCORE, Alaska",64.8458,-147.72727,7611
"Forbach-Centre, France",49.1874855350415,6.91075686497407,7663
"Fort Hills, Alberta, Canada",57.3489,-111.63969,14115
"Fort Smith, NorthWestTerritories, Canada",60.004486,-111.893377,7922
"Fort St John North Camp C, British Comlumbia, Canada",56.2032887,-120.90108,14104
"Fort William, Kolkata, India",22.55664,88.342674,12457
"Fox Creek, Alberta",54.395492,-116.80948,-524452
"Fujiokamachiko, Tochigi, Tochigi, Japan (栃木市藤岡総合文化センター栃木市)",36.2857632,139.6346445,2497
"Fukuecho, Goto, Nagasaki, Japan (五島五島市)",32.6963741,128.841093,2267
"Fuleshan, Mianyang (绵阳富乐山)",31.4747,104.7778,3598
"Fundão, Fundão, Portugal",40.233055555556,-7.3019444444444,8375
Fuxin (阜新),42.021619,121.670324,4348
"Gachsaran, Kohgolie va Boyer Ahman, Iran (گچساران كهگیلویه و بویراحمد)",30.3578472,50.8002472,10614
"Gadsden, Alabama, USA",33.991341,-85.992653,8202
"Galena Sensor, Alaska",64.744277,-156.8769,-469435
Galuppi-SI,45.4932287324007,12.229172945158,-505432
"Gangapur Road, Nashik, India",20.0073285,73.7762427,11283
"Gatineau - secteur de Hull, Quebec, Canada",45.460585,-75.734517,5421
"Gayathi/Al Muttahidia Girl School, UAE",23.835604488777,52.810021963541,3778
"Gdansk Wrzeszcz, Gdansk, Poland",54.380277777778,18.620277777778,2684
Geeveston,-43.17,146.925,3302
Geraldton,-28.7732192,114.6096326,6436
"Ghasre Shirin, Kerman Shah, Iran (قصرشیرین كرمانشاه)",34.5097412,45.5740953,10667
"Gia Lai/Phù Đổng, Thành phố Pleiku - KTTV - Trạm cảm biến, Vietnam",13.968848,108.017617,13762
"GIDC, Nandesari, India",22.410802,73.097923,12823
"Girls College, Sivasagar, India",26.987634,94.636574,14696
Gladys Valley Bldg,44.621,-124.046,-398251
"Glennallen Sensor, Alaska",62.110582,-145.543925,-493678
"GM Office, Brajrajnagar, India",21.8004996,83.8396977,11427
"Gohyeon-dong, Gyeongnam, South Korea (고현동 경남)",34.88053905,128.62112946,13540
"Golden Helipad, British Comlumbia, Canada",51.2975,-116.966,4213
"Gomez Franqueira, Ourense, Galicia, Spain",42.353000000118,-7.8778999998174,10025
"Gomti Nagar, Lucknow, India",26.86812,81.005119,12468
Gorontalo Taman Kota,0.551775991916657,123.056999206543,-416938
"Göteborg Haga, Sweden",57.6978582354032,11.9605471444783,7871
Gozo,36.043863,14.239607,-402916
"Granby - Parc Poitevin, Quebec",45.4186388889,-72.7306666667,-526507
"Grand Forks City Hall, British Comlumbia, Canada",49.031168,-118.439088,4214
"Grand Portage, Minnesota, USA",47.9721,-89.6908,7339
"Grande Prairie - Henry Pirker, Alberta, Canada",55.1766364,-118.8077555,5493
"Graz Nord, Josef Ornig-Strasse 16, Umspannwerk, Sportplatz, Austria",47.093613,15.414722,2884
"Green Valley, Pima County, USA",31.87952,-110.99644,5958
"Greenwich - A206 Burrage Grove, United Kingdom",51.490532,0.074003,7953
Gronau,52.2105822711084,6.99546321148924,-481447
Grossmont Center,32.787595,-117.013519,-512257
Guilin (桂林),25.273566,110.290195,1552
"Gulangyu, Xiamen (厦门鼓浪屿)",24.445833333,118.06361111,1302
Gulbji,56.064,26.178,-214681
"Gulzarpet, Anantapur, India",14.675886,77.593027,14148
"GVM Corporation, Visakhapatnam, India",17.72,83.3,12443
"Gyor 2 Ifjúság, Gyor, Hungary",47.67717,17.65782,8034
"H.C.Andersens Boulevard, Copenhagen, Denmark",55.6750137,12.5693995,3317
Hablando al aire b537bd,18.054825,-92.934128,-378292
HAIMA,19.958861111111,56.2855555555555,-532750
"Haiyang Development Zone, Haiyang City (海阳市海阳开发区)",36.735,121.196944,10283
"Hakkari, Turkey",37.574391,43.7387312,5261
"Halifax Johnston, Nova Scotia, Canada",44.647175,-63.573689,8856
"Hallikatu, Rauma, Finland",61.12986,21.4997,4968
"Hanna Library, Alberta",51.642351,-111.928226,-524476
"Hannikaisenkatu, Jyväskylä, Finland",62.2382,25.74802,13307
"Hansjordnesbukta, Tromso, Norway",69.65625,18.96372,2660
"Hardev Nagar, Bathinda, India",30.233011,74.907758,11269
"Hatay2 (Iskenderun), Turkey",36.7141403795385,36.2239186822096,4048
"Health Promotion Hospital Maptaput, Rayong, Thailand (โรงพยาบาลส่งเสริมสุขภาพตำบลมาบตาพุด)",12.70865,101.1659833,1819
"Heritage Middle School, San Antonio, Texas",29.3529047,-98.3328207,188
"Hernando, Mississippi, USA",34.8275,-89.9889,7429
Hetatec,-25.532322504382,-54.6221761338824,-507970
"High Level, Alberta",58.512216,-117.162258,-524473
"Hill St, LaCrosse, Washington, USA",46.8153,-117.8739,116
"Hillcrest HS, Missouri, USA",37.256069,-93.299692,8200
"Hinds CC, Mississippi, USA",32.346905,-90.225928,7928
"Hinton-Drinnan, Alberta",53.4273011,-117.544067,-524440
"Hirara, Miyakojima, Okinawa, Japan (平良宮古島市)",24.8035377,125.2879675,2486
"Homer Sensor, Alaska",59.647615,-151.531386,-483499
"Honcho, Joetsu, Niigata, Japan (深谷上越市)",37.1030215,138.2436183,2450
"Hooge Zuidwal, Kollumerwaard",53.330425,6.276815,4567
"Hoonah Sensor, Alaska",58.11,-135.444,-469447
"Hope Airport, British Comlumbia, Canada",49.3697,-121.4994,4223
"Hortobágy, Kunmadaras, Hungary",47.46567,20.891035,14674
"Hospital General, Mexico",20.947924,-101.425774,6510
"Huai Kon, Chaloem Phra Kiat, Nan, Thailand (ต.ห้วยโก๋น อ.เฉลิมพระเกียรติ จ.น่าน)",19.5759666,101.0815166,8503
Huai'an (淮安),33.61036,119.015288,1494
"Huairou town, Beijing (怀柔镇)",40.328,116.628,466
"huánbǎo dōng yuàn, Xinxiang (新乡环保东院)",35.302928,113.926975,5789
"Huangjinzui, Yibin (宜宾黄金嘴)",28.71583,104.5761,3615
"Huangyan EPA building, Taizhou (台州市黄岩环保大楼)",28.659261,121.280823,767
"Huinong South Street, Shizuishan (石嘴山惠农南大街)",39.2282,106.7704,4441
"Hull Freetown, United Kingdom",53.74878,-0.341222,3181
Huntingdon Air Quality,40.491127,-78.012668,-408889
Huonville,-43.03,147.05,3301
"Hupo Compound, Hefei (合肥琥珀山庄)",31.8706,117.259,1292
Huzhou (湖州),30.894348,120.086823,1443
"Hvaleyrarh., Iceland",64.059,-21.991,8348
Hydro-C Demo,33.364293,44.384421,-548797
"Hyomun-dong, Buk-gu, Ulsan, South Korea (효문동 울산)",35.560301,129.370866,1765
"Ibrahimpur, Vijayapura, India",16.802639,75.722694,12827
Ibri ,22.7763611111109,55.8132777777774,-513634
"IGPAN, Belsk, Mazowieckie, Poland",51.83561,20.791218,3396
"Ihalainen 2, Lappeenranta, Finland",61.03879,28.17635,14671
"Ilkadim Hastane, Turkey",41.2778870291031,36.3380980102845,8744
Ilwaco,46.31051,-124.03872,-545929
"Indpls-W.18th St, Indiana, USA",39.7889,-86.2147,7327
"Indrapuri, Indonesia",5.404,95.475,8646
"Industriales Potosinos Asociados, San Luis Potosí Estatal, San Luis Potosí, Mexico",22.15125,-100.99611111111,13291
"Inuvik, NorthWestTerritories, Canada",68.356994,-133.714063,40
"Invercargill Invercargill At Pomona Street, New Zealand",-46.431928390214,168.36991681188,11980
"Inverness, United Kingdom",57.481308,-4.241451,10873
"Iron, Utah",37.7854715,-113.1918021,10170
"Isla Blanca Park, Harlingen, Texas",26.0696153,-97.1621996,220
"Istanbul (Aksaray), Turkey",41.014722,28.954722,4143
"Istanbul (Umraniye), Turkey",41.013611,29.162222,4150
"Istituto Manzoni, Caserta, Campania, Italy",41.08444,14.34472,10936
Jackson-Mahon 03,33.5970696,-101.8647177,-515155
"Jackson, Tennessee, USA",35.6567,-88.8092,7497
Jaffna,9.6683052,80.0229915,-398299
Jalil Sarani,22.835775,89.529056,-538654
"Jasper, Alberta",52.873528,-118.09144,-524443
Jayapura Abepura,-2.59821009635925,140.682006835938,-416935
"Jesenskeho, Martin, Slovakia",49.0578053,18.9198444,3140
"Jiangbei, Jilin (吉林江北)",43.8947,126.5786,4437
"Jiangxi Foreign Affairs Office, Nanchang (南昌省外办)",28.6844,115.893,1304
"jìng yuán, Siping (四平境园)",43.1847,124.3897,7283
Jingmen (荆门),31.035423,112.199265,3657
"Jining District, Ulanqab (乌兰察布集宁新区)",40.9923,113.1306,7308
"Jixian Environmental Protection Bureau, Baoji (宝鸡陇县环保局)",34.899166669807,106.8511111004,11105
"John Day, Oregon, USA",44.418,-118.9513,79
"Jurisdicción Sanitaria, Monclova, Coahuila, Mexico",26.908194444444,-101.427,9167
"K-Puszta, K-puszta, Hungary",46.965555,19.545138,8040
Kabupaten Aceh Tengah,4.62409019470215,96.8421020507813,-526099
Kabupaten Badung Sempidi,-8.60389041900635,115.178001403809,-519205
Kabupaten Banyuwangi Mojopanggung,-8.21138954162598,114.350997924805,-519112
Kabupaten Bekasi Sukamahi,-6.36380004882813,107.171997070313,-416827
Kabupaten Indragiri Hilir,-0.312058001756668,103.161003112793,-416884
Kabupaten Kotawaringin Timur,-2.53555989265442,112.877998352051,-416755
Kabupaten Manggarai Barat Wae Kalamb,-8.49518966674805,119.893997192383,-536509
Kabupaten Merauke Mandala,-8.50891971588135,140.410003662109,-519139
Kabupaten Morowali,-2.48112010955811,121.931999206543,-535018
Kabupaten Murung Raya,-0.639077007770538,114.537002563477,-531550
Kabupaten Rokan Hilir Bangko,2.10821008682251,100.827003479004,-416818
Kabupaten Sambas Dalam Kaum,1.3610999584198,109.329002380371,-519151
Kabupaten Siak Bunga Raya,0.961001992225647,102.072998046875,-535021
Kabupaten Sintang Baning Kota,0.063171997666359,111.497001647949,-519118
Kabupaten Sumba Timur,-9.67518997192383,120.228996276855,-536500
Kabupaten Tabalong,-2.17564010620117,115.416000366211,-536515
Kabupaten Tangerang Tigaraksa,-6.26986980438232,106.484001159668,-417100
Kabupaten Tanjabtim Muara Sabak,-1.21305000782013,103.791000366211,-416836
Kabupaten Tasikmalaya Mangun Reja,-7.36913013458252,108.112998962402,-531670
Kabupaten Tebo,-1.46742904186249,102.43635559082,-546976
Kabupaten Tuban,-6.89520978927612,112.039001464844,-519007
"Kadri, Mangalore, India",12.88925,74.853,13718
"Kailua-kona, Hawaii, USA",19.618158,-155.971242,13227
"Kaleva, Tampere, Finland",61.4991,23.80221,4919
Kalgoorlie,-30.749,121.466,10147
"Kalyana Nagara, Chikkamagaluru, India",13.328028,75.797056,12811
"Kamenny Ujezd, Plzensky, Czech Republic",49.722,13.618537777778,2730
"Kao-ping/Taipower Yentian, Taiwan",22.815448,120.224539,12621
"Kapolei, Hawaii, USA",21.32374479,-158.0886127,5266
Karamay (克拉玛依),45.579889,84.889207,1581
"Karatay (SunayPark), Turkey",37.844484,32.513335,14819
"Kareemganj, Gaya, India",24.792403,84.992416,13808
"Kariavattom, Thiruvananthapuram, India",8.5637,76.8865,12824
"Karl Eriksensplass, Alesund, Norway",62.470622,6.153501,12712
"Karnack, Tyler, Texas",32.6689873,-94.1674569,221
"Karoo-NAQI, Namakwa, South Africa",-31.398641,19.140214,10783
"Kashan, Isfahan, Iran (کاشان اصفهان)",33.993059,51.433695,10647
Kashi (喀什地区),39.4704,75.989755,7911
Katherine,-14.465331,132.270787,13767
Kaulonia,38.3416563079512,16.468160200939,-471730
"Kauppatori 2, Turku, Finland",60.45183,22.26783,13903
"Kawaragi, Hachinohe, Aomori, Japan (根岸小学校八戸市)",40.5305227,141.4692032,1876
"Kawéni Nord, Mayotte, France",-12.761174,45.226197,14718
"Keeler-Cerro Gordo Road, Inyo, California",36.48785,-117.87104,8349
"Kerrobert, Saskatchewan, Canada",51.9265743,-109.1318757,11965
"Ketchikan Sensor, Alaska",55.354916,-131.683038,-469456
"Ketchum, Idaho, USA",43.682489,-114.371231,5312
"Khoramshahr, Khouzestan, Iran (خرمشهر خوزستان)",30.437128,48.181269,10604
"khormouj, Bushehr, Iran (خورموج بوشهر)",28.664194,51.382806,13284
Khujand,40.3031738878805,69.6390628657505,-471631
"Kigali US Embassy, Rwanda",-1.936231,30.077951,13853
"Kilis, Turkey",36.7153649594248,37.1271605546817,4088
"King City - Pearl, Monterey, California",36.20902,-121.12596,239
Kirgiz-Miyaki,53.62744940185,54.80193167925,-498169
"Kirjastotalo, Kotka, Finland",60.4655,26.93893,4962
"Kitasayacho, Matsuyama, Ehime, Japan (味生松山市)",33.8415754,132.7273814,2443
"Klamath Falls, Oregon, USA",42.190296,-121.731369,80
"KNI-Topeka, Kansas, USA",39.0242,-95.7114,9514
"Kodiak Sensor, Alaska",57.792936,-152.39839,-491386
"Kojimamachi, Nanao, Ishikawa, Japan (七尾七尾市)",37.0436918,136.9534987,2127
"Konak, Turkey",38.400618,27.150843,13951
"kooh khaje, Zabol, Sistan va blouchestan, Iran (کوه خواجه زابل سیستان و بلوچستان)",30.93927,61.32649,12768
"Kord abad, Isfahan, Iran (جِی اصفهان)",32.649531,51.737983,13887
"Koskikatu 1, Joensuu, Finland",62.59909,29.7634,4950
"Koszalin ul. Armii Krajowej, Poland",54.19398611,16.17254444,6529
"Kota Bharu, Kelantan, Malaysia",6.147431,102.249236,9556
Kota Bontang Tanjung Laut,0.122409999370575,117.486000061035,-519121
Kota Prabumulih,-3.36890006065369,104.305999755859,-546340
"Kotabaru, Indonesia",-3.3,116.17,13645
KRONOS Centre,35.008141667,25.73881389,-525388
"Kuala Terengganu, Terengganu, Malaysia",5.308094,103.120392,2623
Kulisha Boulevard,49.5659852294131,25.6415252154158,-377671
Kulparkivska Street,49.81881281347,23.98511981961,-526861
"Kumluca Sanayi, Turkey",36.3185475393566,30.2873469174763,13914
Kvitkova Street,46.376571,30.7128038,-252934
Kyoto (京都),35.0116363,135.7680294,5542
"La Florida 2, Chile",-35.435141887663,-71.678261499336,10700
"La Grama-Breña Alta, Canarias, Spain",28.667712000341,-17.775552999741,6790
"La Greda, Chile",-32.748154,-71.474204,14747
"La Robla, León, Spain",42.802800000298,-5.6235999997749,10812
"La Rochelle Pallice, PoitouCharentes, France",46.161611111111,-1.2112027777776,5081
"La rubia II, Valladolid, Spain",41.630000000159,-4.740555549971,11813
"Labuan, Wilayah Persekutuan, Malaysia",5.298107,115.232106,2627
"Laizhou Municipal Government, Laizhou City (莱州市莱州市政府)",37.176667,119.940556,10275
"Lake Sugema, Iowa, USA",40.693298,-92.006104,6914
"Lakeview, Oregon, USA",42.189215,-120.353969,82
"Lal Bahadur Shastri Nagar, Kalaburagi, India",17.321993,76.822628,11298
Lamar Municipal Building,38.084688,-102.61864,-498124
"Larnaca Traffic, Cyprus (Λάρνακα - Κυκλοφοριακός Σταθμός)",34.9159141,33.6274981,2941
"Larwill, Indiana, USA",41.169722,-85.629444,7508
"Las Encinas Temuco, Chile",-38.74869912298,-72.620788228172,425
"Laurel Oak Elementary, Collier, Florida, USA",26.27,-81.710833333333,6285
"Laurentides, Quebec, Canada",47.32,-70.83,5427
Lawrence Hall of Science,37.878949365137,-122.247285837703,-489289
"Leech Lake Nation: Cass Lake, Minnesota, USA",47.38443,-94.60166,9643
"Leggett, North Carolina, USA",35.9889,-77.5867,7531
"Leilani, Hawaii, USA",19.46398872,-154.898,8593
"Leiret, Elverum, Norway",60.88364255,11.55930063,13453
Leizen,53.3963,12.4639,-504397
"Lengshuitan District Environmental Protection Bureau, Yongzhou (永州冷水滩区环保局)",26.4519,111.5989,7082
"Letterkenny, Co. Donegal, Ireland",54.954644,-7.734842,13386
"Lewiston, Maine, USA",44.089355,-70.214134,7640
"Lewistown, Montana, USA",47.048537,-109.455315,7526
"Lezo, País Vasco, Spain",43.321522435863,-1.9001310498115,6720
"Ligong, Chengde (承德市离宫)",41.011,117.938,683
"lìjiāoqiáo shuǐchǎng, Suizhou, Hubei (随州市立交桥水厂)",31.7308,113.3983,6331
"Lillehammer barnehage, Lillehammer, Norway",61.12087,10.46563,2644
"Limbang, Sarawak, Malaysia",4.758891,115.013667,2611
"Lintong District, Xian (西安临潼区)",34.3731,109.2186,1399
"Linyi Development Zone, Linyi County (临沭县临沭开发区)",34.940952,118.619707,10357
"Loma Dorada, Guadalajara, Mexico",20.629554249053,-103.26392977309,387
"Longmont - Municipal, Colorado, USA",40.164576,-105.100856,6325
"Longyan City Stations, Longyan (龙岩龙岩市监测站)",25.1035,117.0216,7174
"Lostwood NWR, North Dakota, USA",48.641899,-102.402199,7444
Loudi (娄底),27.700063,111.993497,7910
"Lourinhã, Lourinhã, Portugal",39.278333333333,-9.2455555555556,8377
"lú shuǐ No1 middle shcool, Nujiang (怒江州泸水一中)",25.8417,98.8546,7559
"Lübeck Moislinger Allee, Schleswig-Holstein, Germany",53.862236999962,10.673320000237,13854
"Lycée Kourou, Guyane, France",5.16425,-52.6465,10081
Lynn Water Treatment Plant,42.474671,-70.971358,3571
"Lyons, Oregon, USA",44.778743,-122.617048,83
"Madawaska PSB, Maine, USA",47.3553,-68.3211,8701
"Madera City, Madera, California",36.95326,-120.03419,4613
"Mae Pa,Mae Sot,Tak, Thailand (ต.แม่ปะ อ.แม่สอด จ.ตาก)",16.734413,98.566961,9013
"Maesai Health Office, Chiangrai, Thailand (สำนักงานสาธารณสุขอำเภอแม่สาย เชียงราย)",20.439944444444,99.913666666667,1832
"Maezato, Ishigaki, Okinawa, Japan (石垣石垣市)",24.3403337,124.1872098,2481
"Mafikeng-NAQI, Ngaka Modiri Molema, South Africa",-25.835814,25.614534,11713
"Magong, Taiwan (馬公)",23.569031,119.566158,1659
Makassar Ujung Pandang,-5.13584995269775,119.414001464844,-416851
"Makishi, Naha, Okinawa, Japan (松尾那覇市)",26.2156788,127.6857172,2480
"Malatya, Turkey",38.3500427433939,38.3418805185504,4063
"Malbork, Poland",54.031129,19.03278,6568
Mallee CMA Walpeup,-35.1202,142.004,12415
Mallee CMA Werrimull,-34.4684,141.5728,12385
"Malta, Montana, USA",48.317507,-107.862471,7518
"Mammoth Lakes-Gateway HC, Mono, California",37.64571,-118.96651,13066
Mamuju Ahmad Kirang,-2.67694997787476,118.889999389648,-416941
Manado Wanea,1.47116005420685,124.845001220703,-416878
"Mangala, Bilaspur, India",22.08815,82.13737,13742
"Manipur University, Imphal, India",24.7524239,93.9286218,14145
"Mannerheimintie, Helsinki, Finland",60.16964,24.93924,4909
Manokwari Gn. Sowi,-0.890008985996246,134.039001464844,-416911
"Manresa, Catalunya, Spain",41.730280261306,1.8253064234487,6683
"Mardin, Turkey",37.3164186351374,40.727074232343,4089
"Mariendorf, Mariendorfer Damm, Berlin, Germany",52.438115,13.38772,10040
"Marigot, Saint-Martin, France",18.070114,-63.081481,14711
"Marina 1, NorthWestTerritories, Canada",62.48813,-114.358177,8299
"Marion, Arkansas, USA",35.1967,-90.1911,7382
"Marktler Straße, Burghausen, Germany",48.1722093,12.8305017,6039
"Marmande, Aquitaine, France",44.508839381525,0.14263700515,5071
"Maros, Indonesia",-4.997,119.57,13841
Maryborough,-25.5159,152.6894,14876
"Mash'had Resalat, Mashhad, Khorasan  Razavi, Iran (مشهد - رسالت مشهد خراسان رضوی)",36.3320377,59.551562,10629
"Matsu, Taiwan (馬祖)",26.160469,119.949875,1657
"Mayaganj, Bhagalpur, India",25.265194,87.012947,13809
"Mcadory, Alabama, USA",33.3311,-87.0036,7321
"McAlester, Oklahoma, USA",34.906082,-95.794128,7367
"Meadow Lake, Saskatchewan, Canada",54.126035,-108.43729,9281
"Medan, Indonesia",3.59,98.85,8287
"Medicine Hat - Crescent Heights, Alberta, Canada",50.0488873,-110.6811172,5497
"Mediterraneo, Almeria, Spain",36.841329999668,-2.4467199998768,8430
"Meelavittan, Thoothukudi, India",8.816428,78.099039,14150
Melton,-37.7064552,144.5669,3243
"Mem Martins, Sintra, Portugal",38.785,-9.3472222222222,8380
"Mempawah, Indonesia",0.124,110.456,13648
"Mendnhal, North Carolina, USA",36.1092,-79.8011,8883
"Meriñán, Asturias, Spain",43.306900000017,-5.7056999998277,6698
"Meteorological stations, Sakon Nakhon, Thailand (สถานีอุตุนิยมวิทยาสกลนคร)",17.15662,104.133216,13631
"Mettingen, Hügelstraße 28",52.3163221,7.795169,-494266
"Miami Fire Station - Station #5, Miami-Dade, Florida, USA",25.794722222222,-80.215555555556,6298
Michurina Street,56.82473463295,60.63461512327,-542992
"MIDC Khutala, Chandrapur, India",19.9775302,79.2337086,9147
"Midorigaoka Honmachi, Iga, Mie, Japan (伊賀緑ヶ丘中学校伊賀市)",34.7591133,136.1429515,2197
Midtvej,56.58961271868,9.63181078412,-422296
"Millville, NewJersey, USA",39.42227,-75.0252,3561
"Milw 16th  St, Wisconsin, USA",43.01724,-87.93369,5934
"Mimar Sinan, Turkey",40.5314384547631,34.9443056654103,8360
"Minfeng Lake, Kenli District, Kenli District (垦利区垦利区民丰湖)",37.5493,118.5674,10263
"Mirasol, Chile",-41.4795069236,-72.968755930145,8821
"miyane city, miyane, AZ-East, Iran (شهرمیانه میانه آذربایجان شرقی)",37.425719,47.723107,12778
MNHS AQ Station,10.9981426417307,125.649675950487,-532195
"Moheia vest, Mo i Rana, Norway",66.312191,14.149923,12698
"Mokpohang, Jeonnam, South Korea (목포항 전남)",34.771956,126.391513,13566
"Monitoring station, Honghe (红河州监测站)",23.4168,103.386,7557
"Monitoring station, Wuwei (武威监测站)",37.9311,102.6219,7142
"Monroe Airport site, Louisiana, USA",32.509789,-92.04605,6517
"Montg, Alabama, USA",32.4069,-86.2564,7379
"Montsec, Catalunya, Spain",42.051340686793,0.72955564673592,11760
"Moore, Oklahoma, USA",35.32,-97.4883,7365
Moranbah,-21.9995,148.071,5763
"More Chowk, Waluj, Aurangabad, India",19.8389439,75.244448,9146
"Moscow, Idaho, USA",46.721932,-116.95918,5309
"Moshtagh Sq, Kerman, Iran (کرمان -میدان مشتاق کرمان كرمان)",30.293697,57.08758,10598
Mostarska,43.884,20.34,-189766
"Moundsville, West Virginia, USA",39.9158,-80.7342,7377
Mountain Creek,-26.6917,153.1038,5113
"Mukah, Sarawak, Malaysia",2.883238,112.019742,9501
"Municipal Health Center 1, Phuket, Thailand (ศูนย์บริการสาธารณสุข 1 กองการแพทย์ เทศบาลนครภูเก็ต)",7.884488,98.391283,1827
"Muroran, Hokkaido Prefecture, Japan (御前水地区測定局室蘭市)",42.3152306,140.9737991,6468
Mustang,28.784071,83.730007,-546256
"MVH Station. Talisay City, Philippines",10.7205616638022,122.966485560602,-514972
"Nagahisacho Nagahisa, Oda, Shimane, Japan (大田一般環境大気測定局大田市)",35.2046731,132.4994755,2475
"Nagqu Stations, Nagqu (那曲地区那曲监测站)",31.4846,92.0657,7067
"Naharlagun, Naharlagun, India",27.103358,93.679645,13802
"Nahavand, Hamadan, Iran (نهاوند همدان)",34.1908502,48.3769637,10606
Nairobi,-1.33158807228475,36.9127098254944,-471637
"Nakano, Hirosaki, Aomori, Japan (文京小学校弘前市)",40.5845265,140.4747589,1875
Nakuru,-0.267398,36.021802,-471628
"Nantong General Hospital, Chongqing (重庆南桐总医院)",28.957861,106.917083,9232
"Napaskiak Sensor, Alaska",60.706689,-161.76412,-469459
"Naperville, Illinois, USA",41.7714,-88.1522,9535
NASA GSFC Rutgers Calib. N13,9.938,-84.0417,-477640
NASA GSFC Rutgers Calib. N5,-31.993644,115.88526,-477658
NASA GSFC Rutgers Calib. N9,30.096555,-94.763429,-477673
National Institute of Mass Communication,23.780775,90.35541,-538615
"Ncore, Nebraska, USA",41.2474,-95.9731,7363
"Near Road, Rhode Island, USA",41.829495,-71.417457,7593
Nekrasova Street,45.04912906356,39.01164919138,-419971
"New Mandi, Muzaffarnagar, India",29.4723508,77.7194031,11277
New Port (Seychelles Port Authority),-4.62547821130512,55.4618591936842,-421606
"New Ross, Co. Wexford, Ireland",52.389711,-6.943624,13395
"Newtwn, Kentucky, USA",38.065,-84.5,7330
"Ngari Station, Ngari Sanai (阿里地区阿里监测站)",32.5,80.1161,7069
"Nghệ An/Trường Thi, Thành phố Vinh - KTTV - Trạm cảm biến, Vietnam",18.675369,105.690945,13666
Ngossi,-9.43557944681169,159.937475848799,-422356
"Nha Trang, Vietnam",12.284358,109.192524,1585
Nīcas iela,56.492,21.02,-193333
"Nice Aeroport, PACA, France",43.657745,7.201944,6885
"Nicosia Residential, Cyprus (Λευκωσία - Οικιστικός Σταθμός)",35.1259195,33.3311519,2936
"Nilai, Negeri Sembilan, Malaysia",2.821692,101.811486,2588
"Niland-English Road, Imperial, California",33.21349,-115.54514,8863
"Nishi 5 Jominami, Obihiro, Hokkaido, Japan (帯広市役所帯広市)",42.923916,143.196109,9897
"Nishimachi, Tottori-shi, Tottori-ken, Japan (鳥取県庁西町分庁舎鳥取市)",35.5037545,134.2361524,8806
"Niumalu, Hawaii, USA",21.9495,-159.365,7619
№ 27 ОМ аумағында,47.898972222222,67.547666666667,-517567
"No. 1 hospital, Mudanjiang (牡丹江第一医院)",44.5952,129.5902,3642
"No.31 middle school, Wulumuqi (乌鲁木齐三十一中学)",43.831,87.6432,1417
"No.9 middle school, Liuzhou (柳州市九中)",24.3663,109.3957,3453
"No11 middle school, Jiamusi (佳木斯十一中)",46.8032,130.3648,7274
"Nokela, Oulu, Finland",64.99473,25.47926,13863
"Nome Sensor, Alaska",64.5011,-165.4064,-485524
"Nong Prajak Public Park, Udon Thani, Thailand (สวนสาธารณะหนองประจักษ์ อุดรธานี)",17.414174,102.780926,13637
"Nongnongping, Panzhihua (攀枝花弄弄坪)",26.57098,101.68912,3606
"Norrköping Trädgårdsgatan 21, Sweden",58.5920394048336,16.189332912153,13986
"North Bay, Ontario, Canada",46.323194,-79.449278,19
North Ward,-19.2509,146.8073,10727
North West LLS Gunnedah,-30.981667,150.260556,12398
North West LLS Walgett,-30.0359,148.1231,12387
"North/Taipower Kengkou, Taiwan",25.09108889,121.2681194,12591
"Norwich Lakenfields, United Kingdom",52.614193,1.301976,3199
"Nowy Sącz, Małopolska, Poland",49.619281,20.714403,3404
Nueva ChiuChiu,-22.342971402789,-68.648661344727,-500248
"Numanohata, Tomakomai, Hokkaido Prefecture, Japan (沼ノ端公園苫小牧市)",42.6836392,141.6914783,2270
nybohovsbacken-48a,59.309416,18.017607,-474841
O 2621,58.2862194,13.1051473,-505198
O'Higgins,-36.624,-64.282,-197596
"Ocala - YMCA, Marion, Florida, USA",29.171388888889,-82.094722222222,6296
"Oder, Schwedt, Germany",53.064166666667,14.285,6201
"Odessa Gonzales, Midland, Texas",31.8702534,-102.3347563,196
"Ojai - East Ojai Av, Ventura, California",34.44804,-119.23131,265
"Oksan-myeon, Jeonbuk, South Korea (옥산면 전북)",35.93937,126.74836,13007
"Olav V gate, Bodo, Norway",67.275501,14.419057,12706
"Olive St, Seattle, Washington, USA",47.6171136,-122.3044689,142
"Olympus Garden, Eerduosi (鄂尔多斯奥林花园)",39.7884,109.9734,3420
"Onukimachi, Nobeoka, Miyazaki, Japan (延岡保健所延岡市)",32.5792221,131.6569128,2112
"Opp GPO Civil Lines, Nagpur, India",21.152875,79.0517531,12444
"Ordu Unye, Turkey",41.1214417212533,37.2802703110564,8018
Örebro Rudbecksskolan,59.2683334350586,15.2152910232544,-547147
ORN06,43.048754,42.746447,-501031
"Osorno, Chile",-40.584478665958,-73.11871982209,428
"Ospedale via Vernieri, Salerno, Campania, Italy",40.68389,14.76972,10943
"Östersund Rådhusgatan, Sweden",63.173908876565,14.6410859871664,13972
"Ostfriesischeinseln, Germany",53.7333333,7.4166667,6204
"Ouhai, Wenzhou (温州市瓯海)",28.005239,120.638037,737
"Padadshahr, Ahvaz, Khouzestan, Iran (اهواز -پادادشهر اهواز خوزستان)",31.2911469,48.7041174,13510
Padang Padang Pasir,-0.949240028858185,100.353996276855,-416845
"Palacio De Congresos, Granada, Spain",37.165679999944,-3.6000999999563,8467
"Palacio Municipal, Municipio de Mexicali, Baja California - Municipal, Mexico",32.640027777778,-115.47463888889,13294
"Palangka Raya, Indonesia",-2.22611,113.945,8342
Palmerston,-12.50779,130.94853,6443
Palu Panca Bhakti,-0.888410985469818,119.866996765137,-416797
"Pan Bazaar, Guwahati, India",26.1875,91.744194,13729
Pangkalpinang Bukit Intan,-2.14963006973267,106.111000061035,-416896
"Panjiaping, Chongqing (重庆潘家坪)",29.536659,106.512855,7040
Pannipitiya Road,6.893508,79.9293,-44956
"Paphos Traffic, Cyprus (Πάφος - Κυκλοφοριακός Σταθμός)",34.7101705,32.5730657,2938
"Parco Montecucco, Emilia Romagna, Italy",45.038544,9.669349,9387
"Parr, Arkansas, USA",34.7561,-92.2758,7383
Paso de los Toros Centenario,-32.83477,-56.496583,-548194
"Passy Chedde, France",45.927994,6.724834,14079
"Patnos, Turkey",39.236576,42.853008,8778
"Patra-2, Greece",38.24597549,21.73589706,12410
"Patumahoe, Auckland",-37.2,174.86,9302
"Paveh, Kerman Shah, Iran (پاوه- فرمانداری پاوه كرمانشاه)",35.0435208,46.3553569,10635
"People's Park, Limerick, Ireland",52.658656,-8.628739,13397
"Peoria_j, Illinois, USA",40.6978,-89.5889,7395
"Perigueux-Picasso, Aquitaine, France",45.189825392579,0.727184115413,5066
"Perungudi, Chennai, Chennai, India",12.9533,80.2357,13738
"Petrochemical General Plant, Jiujiang (九江石化总厂)",29.7534,116.0726,3652
"PGSHF Lahore, Pakistan",31.40387,74.164829,-211000
"Phase-1 GIDC, Vapi, India",20.362421,72.918013,12448
"Phase-4 GIDC, Vatva, India",22.969611,72.6435,12451
"Pierre, South Dakota, USA",44.373786,-100.287269,8359
Piman Chon 2,16.402,102.848,-80491
"Pinedale, Wyoming, USA",42.9288,-109.788,7541
"Pingli County Civil Affairs Bureau, An'kang (安康平利县民政局)",32.390542000114,109.36869399973,11175
"Pista de Silla, València, Valencia, Spain",39.456111109894,-0.37583332983165,6637
Platteville Middle School,40.209387,-104.82405,-498175
"ploshcha imeni Ivana Franka, 1",51.046448,31.881015,-416950
"Plymouth Centre, United Kingdom",50.37167,-4.142361,3202
Pokretna stanica - Grad,42.6417634118352,18.1098643936712,-417706
Polska Street,49.5527920329924,34.5132001918692,-488995
Pontianak Tenggara,-0.0310900006443262,109.321998596191,-416764
"Port Hawkesbury, Nova Scotia, Canada",45.614028,-61.362122,8860
"Port of Spain, Trinidad and Tobago",10.6425559,-61.4940554,12776
"Porto San Vitale, Emilia Romagna, Italy",44.443746,12.253247,11829
"Potawatomi, Wisconsin, USA",45.56498,-88.80859,5938
"Power Administration Bureau, Zhangjiajie (张家界电业局)",29.1242,110.4697,3864
"Poznań 2 Ogród Botaniczny, Poland",52.42031944,16.87728889,6532
"Praia, Fazenda",14.92445,-23.50927,-398944
Presbítero Daniel Segundo,-33.234,-60.334,-191239
"Presidente Prudente, São Paulo, Brazil",-22.119936735,-51.408777068,364
"Presque Isle Riverside, Maine, USA",46.682299,-68.016195,7669
"Prince Albert, Saskatchewan, Canada",53.2033494,-105.7530705,5469
"Prince George Plaza 400, British Comlumbia, Canada",53.91472,-122.74194,4204
"Prince Rupert Fairview, British Columbia, Canada",54.292637,-130.35242,13976
"Principes, Sevilla, Spain",37.375249999914,-6.0055799998359,8491
Private Tropical Garden,9.5567817,99.9938416,-482884
Prokuplje,43.2420445803984,21.606623428248,-526273
"Proper square Judea, Israel (ישראל,נאות הכיכר, איזור יהודה)",30.94553,35.3884,9982
"Provincial Academy of Agricultural Sciences, Haerbin (哈尔滨省农科院)",45.6842,126.6206,1289
Pueblo Fountain School,38.276099,-104.59761,-498145
"Puente Aranda, Bogota, Colombia",4.63187,-74.11757,6240
"Punta Arenas, Chile",-53.158295492238,-70.921497482453,4981
Pyramid Retreat,14.793612,103.43056,-397717
"Pyykösjärvi, Oulu, Finland",65.04338,25.4979,4917
"Qianhu water plant, Ningbo (钱湖水厂)",29.776796,121.644264,957
"Qorveh, Gorveh, Kordestan, Iran (قروه  قروه كردستان)",35.152775,47.797134,10645
"Quadra 206, Águas Claras, DF",-15.8431,-48.0237,-412909
Queenstown,-42.081,145.553,10724
Quilpue Gimnasio,-33.047630211689,-71.438813209534,-470593
"Quinault Tribe, Taholah, Washington, USA",47.33976,-124.29178,8417
"Raahen keskusta 2, Raahe, Finland",64.68337,24.48162,4967
"Radisson, Quebec",53.692071,-77.741918,-526516
"Railway Design Institute, Lanzhou (兰州铁路设计院)",36.0464,103.831,1407
"Rajendra Nagar, Bareilly, India",28.38910936,79.42963708,14132
"Ramteerth Nagar, Belgaum, India",15.888653,74.541751,14699
"Ranghulu District, Daqing (大庆让胡路区)",46.6219,124.8648,3640
"Rara, Nepal",29.508301,82.093788,13593
"Rasht, Gilan, Iran (رشت- محیط زیست رشت گیلان)",37.3165811,49.6065279,10637
Ratnapark,27.707014,85.31541,-517780
Raysut North - Salalah ,16.9520833333332,53.9747499999995,-516430
"Rd934 Coulommiers, Paris",48.8056,3.08444,3094
"Rebaudengo, Torino, Piemonte, Italy",45.104332,7.6964231,9359
"Regina, Saskatchewan, Canada",50.454722,-104.606667,5472
"Resalat, Bandar Abbas, Hormozgan, Iran (رسالت بندر عباس هرمزگان)",27.1960406,56.3388716,11788
"Research Farm, South Dakota, USA",44.348604,-96.807299,7665
"Ribeira Grande, Ribeira Grande",37.81692,-25.519468,-539500
"Richmond Plunket AQ, New Zealand",-41.3395984,173.18316353,11982
"Rifle PM, Colorado, USA",39.5318,-107.78229,9632
"Rigan, rigan, Kerman, Iran (ریگان شهرستان ریگان كرمان)",28.660647222222,59.021669444444,10648
"RIICO Ind. Area III, Bhiwadi, India",28.194909,76.862296,11848
"Rijeka-2, Croatia",45.320794444444,14.483511111111,5145
"RIMT University, Mandi Gobindgarh, India",30.649961,76.331442,11322
"Rio Claro-Jd.Guanabara, São Paulo, Brazil",-22.43904379,-47.581473311,12573
Rio Grande City,-32.0465842098226,-52.1195704767029,-399916
Rivadavia,-37.38167,-64.603843,-82297
"Rochester Near Rd, New York, USA",43.145021,-77.557608,9597
"Rock Creek, Idaho, USA",42.565089,-114.494717,5321
"Rockford, Illinois, USA",42.267002,-89.08917,11934
Rocklea,-27.5358,152.9934,5116
"Rongcheng Yatou Street, Rongcheng City (荣成市荣成崖头街道)",37.170278,122.4425,10334
"Rough Waters Drive, Bathurst, NewBrunswick, Canada",47.609528,-65.633528,8849
"Rozďalovice-Ruska, Stredocesky, Czech Republic",50.301982777778,15.178302777778,8716
Rua Curitibanos,-27.6620283,-48.6798432,-505183
Rua Dom Pedro II,-21.974,-46.8,-146980
Rua Doutor Salvador França,-30.05300224085,-51.17568165064,-554080
Rua Haroldo Candemil Valim,-29.64208832959,-50.76581203313,-211114
Rua Tarcisio Morosini,-19.413512,-40.544937,-488233
"Ruby St, Ellensburg, Washington, USA",46.99364,-120.545,111
"Rue  Lafaurie (coté Montant), Le Havre, France",49.5001917595947,0.110902803971606,4600
Rue 16 Novembre شارع 16 نوفمبر,33.99,-6.85,-518986
Rue De La Fare,43.30040372,5.37816167,-501205
Rue du Temple,31.624,-8.002,-472816
"Rutland, Vermont, USA",43.608528,-72.98246,7375
Ryskulova 81,43.2786545527187,76.9034745767211,-398785
SA Murray Darling Basin Lameroo,-35.3778,140.5378,13791
"Saarejärve, Estonia",58.701433,26.7547,9457
"SAC ISRO Satellite, Ahmedabad, India",23.023389,72.515201,13746
Sadova Street,48.7493355,30.2235756,-253891
Sadovaya Street,45.042,38.994,-169045
"Saguenay - secteur de l'université (Chicoutimi), Quebec, Canada",48.422992,-71.054055,5451
"Sahilara, Maihar, India",24.2613009,80.7231783,11864
"Saint-Exupery, Cholet, Loire, France",47.0558,-0.883553,4998
"Saint-Lô Eglise Sainte-Croix, France",49.1164068386796,-1.08472370493427,4603
Saint-Pierre,46.7856293445509,-56.1713346823869,-548911
"Sainte-Luce, Martinique, France",14.468867,-60.927389,10082
Sakalų g.,54.6986313,25.25386153,-410362
"Salamanca 5, Spain",40.979199999869,-5.6653000000797,10823
"Saldanha IDZ, West Coast, South Africa",-32.98312,17.98497,14068
"Salford M60, United Kingdom",53.5032996,-2.38139048,9043
"Salmon, Idaho, USA",45.181897,-113.890285,5315
"Samarinda, Indonesia",-0.4825,117.1563,8293
Samed Vurgun,40.588,49.684,-198280
"Sammaltunturi, Muonio, Finland",67.97328,24.11559,4929
"San Basilio Murcia Ciudad, Murcia, Spain",37.99396,-1.14462831524866,5183
"San Juan, Puerto Rico",18.428388,-66.141657,8139
Sanam Bin Subdistrict,13.952,100.608,-88246
"Sandakan, Sabah, Malaysia",5.864467,118.091089,2605
"Sandersville, Georgia, USA",32.974722,-82.808889,13289
"Sandymount Green, Dublin 4, Ireland",53.33192,-6.215766,13402
"Sange Ahan Choghart Bafgh, Bafgh, YAZD, Iran (بافق سنگ آهن چغارت بافق یزد)",31.698532,55.468984,11262
Santa Clara - Pasay City General Hospital,14.548484,121.000531,-544774
"Santurce, Santurtzi, País Vasco, Spain",43.333011997425,-3.0425600003492,6741
"São Gonçalo, Funchal, Portugal",32.649722222222,-16.918333333333,10519
"São José do Rio Preto, São Paulo, Brazil",-20.784689284,-49.398277793,374
Sapporo (札幌),43.0620958,141.3543763,5536
Saray Fatih Mah.,40.084,32.908,-341344
"sarayan, Khorasan Jonoubi, Iran (سرایان خراسان جنوبی)",33.872026,58.525739,12772
"Sasagajin, Kesennuma-shi, Miyagi-ken, Japan (気仙沼気仙沼市)",38.9029263,141.5706975,9913
"Saskatoon, Saskatchewan, Canada",52.1333972,-106.6832385,5470
"Sault Ste. Marie, Ontario, Canada",46.533194,-84.309917,14123
Schliffkopfweg,48.7476,8.9592,-110626
Scottsdale,-41.162,147.515,3292
"SDS01, Mérida, Yucatán, Mexico",20.973272222222,-89.624811111111,11908
"Seaford, Delaware, USA",38.6444,-75.6131,7393
"Secretaría de Medio Ambiente, Aguascalientes, Mexico",21.846391666667,-102.28843055556,9171
"Secretariat, Amaravati, India",16.5150833,80.5181667,11280
"Sector-2 Industrial Area, Pithampur, India",22.624758,75.675238,11306
"Sector-D Industrial Area, Mandideep, India",23.10844,77.511428,11275
"Seljestad Rv83, Harstad, Norway",68.79222701,16.53742346,12701
"Semarang, Indonesia",-6.985,110.381,13651
"Seney, Michigan, USA",46.2889,-85.9503,5333
"Senhoshi, Hokkaido Prefecture, Japan (国設利尻酸性雨利尻郡利尻町)",45.1206885,141.1981589,3731
"Sept-Îles, Quebec",50.216266,-66.385195,-537046
"Seri Manjung, Perak, Malaysia",4.200344,100.663358,2597
"Seward Sensor, Alaska",60.102,-149.4427,-487135
"Shanhai Pass, Qinhuangdao (秦皇岛市第一关)",40.018,119.762,657
Sharurah,18.98292181494,48.7353515625,-374926
"Shasthri Nagar, Ratlam, India",23.331731,75.045981,11860
"Shazand, Markazy, Iran (شازند مركزی)",33.93376,49.402106,10641
"shì gōnglù jú, Tongling (铜陵市公路局)",30.9222,117.8078,7107
"shì jí kòng zhōngxīn, Hechi (河池市疾控中心)",24.6967,108.1009,7205
"Shiki, Kumamoto, Japan (苓北志岐天草郡苓北町)",32.5125287,130.051832,2110
"Shivaji Nagar, Jhansi, India",25.4547,78.6039,13877
"Shohadaye Mena, Zirkooh, Khorasan Jonoubi, Iran (حاجی آباد زیرکوه خراسان جنوبی)",33.600956,59.999714,13512
"Shohadaye Menaa, Birjand, Khorasan Jonoubi, Iran (میدان شهدای منا  بیرجند خراسان جنوبی)",32.873439,59.204018,13508
"Showacho, Kushiro, Hokkaido Prefecture, Japan (昭和小学校釧路市)",43.0160229,144.3651532,8327
"Shrinath Puram, Kota, India",25.14389,75.821256,11285
Shuangyashan (双鸭山),46.646509,131.159133,7917
"Sillamäe, Estonia",59.402749,27.74996,9458
Singleton Singleton,-32.55748,151.1769,14871
"Sinjang-dong, Hanam-si, Gyeonggi, South Korea (신장동 경기)",37.539109,127.214608,1720
"SIPCOT Phase-1, Hosur, India",12.746998,77.813811,14147
"Sivas Istasyonkavsagi, Turkey",39.7472952016541,37.0131597456248,8748
"Skagway Sensor, Alaska",59.459055,-135.311021,-469468
"Skellefteå Kv Pantern, Sweden",64.7495312099157,20.960067710639,13982
"Sokolov, Karlovarsky, Czech Republic",50.172824722222,12.672818055556,2742
"Somajiguda, Hyderabad, India",17.417094,78.457437,14125
"Sonega, Santiago do Cacém, Portugal",37.871111111111,-8.7238888888889,10516
"Sorel-Tracy - secteur de Saint-Joseph-de-Sorel, Quebec, Canada",46.0442881,-73.1096553,5456
"Sorocaba, São Paulo, Brazil",-23.502426584,-47.479029912,376
"Sorong, Indonesia",-0.8634105,131.2544805,13654
Șoseaua Mangaliei,44.16723,28.62881,-505174
Sotkamo Terrafame Taattola,64.00215,28.10774,-501001
South Brisbane,-27.4848,153.0321,5128
"South DeKalb, Georgia, USA",33.68797,-84.29048,3906
South East LLS Merimbula,-36.907778,149.898889,13775
"South Pass, Wyoming, USA",42.5275,-108.7203,7586
SOUTH_AQMS,18.1030833333329,55.6420555555552,-527299
Spånehusvägen,55.5947399,13.0208434,-540196
"Sparwood Centennial Square, British Comlumbia, Canada",49.7327857,-114.88766,14110
Sportivnaya street,55.75,48.746,-373318
"Sprngdle, Arkansas, USA",36.1797,-94.1167,7381
"Squamish Elementary, British Comlumbia, Canada",49.70516,-123.15133,8838
"St Lukes Site, Idaho, USA",43.600699,-116.347853,7624
"St Maries, Idaho, USA",47.316858,-116.570627,5318
"St. Catharines, Ontario, Canada",43.160056,-79.23475,30
"St. Marks Wildlife Refuge, Wakulla, Florida, USA",30.0925,-84.161111111111,8197
"St. Paul-Harding H.S., Minnesota, USA",44.9594,-93.0356,7348
"Sta Maria, Sal",16.599833,-22.907778,-399355
Stagg ES (6890),34.21295256,-118.5065792,-399112
"Star Electromechanical, Hegang (鹤岗斯达机电)",47.2753,130.261,7261
Starobojarska,53.134795,23.172348,-459646
"Station 7, Mobile stations, Israel (ישראל,ניידת7, תחנות ניידות)",32.212,34.987,10743
"Station Blvd Banks, Reunion, France",-21.331666666667,55.478638888889,8654
"Station Ptp Victoire, Guadeloupe, France",16.23674,-61.534101,11831
"Steelpoort, Sekhukhune, South Africa",-24.731501,30.134383,11716
"Stillwater, New York, USA",43.011906,-73.6491,11436
"Str. Lacul Morii, Lacul Morii, Romania",44.4556327,26.0251529,7655
Strada Aristide Demetriade,45.76643873,21.24255132,-212611
Strada Gheorghe Șincai,47.13205,24.49447,-228172
Strada Ghindei,45.636945,25.609183,-414877
Strada Mecanicilor,46.781457,23.584075,-123091
Strada Zorilor,45.876876,27.22556,-354502
"Strandgata, Iceland",65.684,-18.088,10525
"Street 1-a Voienna, 1A",46.972318,32.015872,-464170
Street 20,33.682,72.978,-511660
"Street Dovzhenka, 2",51.732914,33.863101,-506515
"Street Myru, 1",48.410081,35.867598,-510457
"Street Myru, 25",49.988528,36.066056,-477805
"Street Nezalezhnosti, 15",51.266778,27.221667,-517051
Street Nova 52A,48.492817,34.246168,-411859
"Street Shevchenka, 217",47.91288,31.314954,-490240
"Street Shyroka, 31",51.335778,26.613455,-460297
"Strumica, Macedonia (Струмица)",41.439137,22.64316,10094
"Stuart, Martin, Florida, USA",27.1725,-80.240555555556,6297
"Students Innovation Park , Taizhoushi (泰州留学生创业园)",32.463889,119.888333,883
"Sudbury, Ontario, Canada",46.49194,-81.003105,31
Summit Dr,38.922,-77.6633,-125035
"Sundsvall Köpmansgatan, Sweden",62.3885536193848,17.3089790344238,9328
Sunny Bank,33.966,73.39,-212263
"Super Site, Chile",-22.085864134728,-70.188415616234,14760
Surabaya Tandes,-7.25899982452393,112.678001403809,-420154
"Surmont 2, Alberta, Canada",56.2124673,-110.9091168,14119
"Suwałki ul. Pułaskiego, Poland",54.116056,22.93875,11818
Swan Hill,-35.34314,143.534088,14875
"Swift Current, Saskatchewan, Canada",50.285069,-107.7971722,5471
"Swiftwater, Pennsylvania, USA",41.083099,-75.3283,5908
"Sydney, Nova Scotia, Canada",46.142317,-60.172575,8859
Szokedencs,46.5618541,17.2478463,-376099
"Tagliati, Emilia Romagna, Italy",44.670378,10.9623,11826
"Tahoe City-221 Fairway Drive, Placer, California",39.166017,-120.148833,5360
"Taici Bridge, Guiyang (贵阳太慈桥)",26.5495,106.6867,1376
"Taihape Air Quality At Taihape, New Zealand",-39.6778,175.80084,14877
"Tàijí dàdào, Chongqing (重庆太极大道)",29.700278,107.373056,10443
"Taira, Iwaki, Fukushima, Japan (揚土いわき市)",37.0582877,140.8851541,2551
"Taitung, Taiwan (台東)",22.755358,121.15045,1646
"Takapuna, Auckland",-36.78,174.74,9304
"Talcher Coalfields, Talcher, India",20.9360711,85.1707021,11288
"Talkatora, Lucknow, India",26.83399722,80.8917361,8188
Tamworth North-west Slopes,-31.109909,150.91451,3272
"Tanjung Harapan, Indonesia",2.83,117.36,13505
Tanjung Pinang Taman Pamedan,0.907755017280579,104.463996887207,-416905
Taqah \ Dhofar,17.0489999999998,54.3866388888888,-513622
Targinie,-23.7744,151.1055,5119
"Tarnów, Małopolska, Poland",50.020169,21.004167,3400
"Tawau, Sabah, Malaysia",4.249786,117.935864,2606
"Tây Ninh/Thị xã Tràng Bảng, Vietnam",11.030287,106.35631,13659
"Te Kuiti Waitomo District Council, New Zealand",-38.337795515174,175.16533761581,11988
"Tecnológico de Tepic, Tepic, Nayarit, Mexico",21.478177777778,-104.86774166667,9165
"Tecnológico de Zacatepec, Zacatepec, Morelos, Mexico",18.654444444444,-99.183333333333,13293
Telluride,37.937872,-107.81306,-500314
"Tepebaşı, Turkey",39.7905,30.5012,14811
Ternate Marikurubu,0.787262976169586,127.374000549316,-416929
"Terrace Skeena Middle School, British Comlumbia, Canada",54.52167,-128.6075,8196
"Texarkana New Boston, Bowie, Texas",33.436111,-94.07778,9153
"Tha Tum, Si Maha Phot, Prachin Buri, Thailand (ต.ท่าตูม อ.ศรีมหาโพธิ จ.ปราจีนบุรี)",13.917563,101.590529,9014
"Thái Bình/Trạm quan trắc khí tại Thái Thụy, Vietnam",20.461641,106.516972,14641
"Thái nguyên/Đường Hùng Vương - Tp Thái Nguyên, Vietnam",21.593151,105.8431043,13027
"Thanet Street, Moncton, NewBrunswick, Canada",46.101389,-64.789639,8846
"Thavakkara, Kannur, India",11.875,75.3732,12819
The Gap,-20.7264,139.4977,5132
"Thibodaux site, Louisiana, USA",29.764425,-90.765563,6518
"Tiāntái shānzhuāng, Zhuzhou (株洲天台山庄)",27.8244,113.135,1431
"Tidewater Community College, Hampton Roads, USA",36.90118,-76.43808,5354
"Tiverton, Ontario, Canada",44.314472,-81.549722,33
"Tochtermana, Radom, Mazowieckie, Poland",51.399089,21.147484,3393
"Tok Sensor, Alaska",63.33651,-142.98528,-469471
"Tomioka, Tomioka, Gunma, Japan (富岡市立富岡小学校富岡市)",36.2589796,138.8941485,2545
"tōngtiān yán, Ganzhou (赣州通天岩)",25.9118,114.9064,7784
"Toren Alani, Turkey",41.197475,32.623379,10677
Toulouse Arcole trafic,43.6106,1.4429,-525685
Toyohashi (豊橋),34.7691995,137.3914662,5583
"Trà Vinh/xã Dân Thành, TX Duyên Hải, Vietnam",9.599143,106.51985,13662
"Tralee Library, Co. Kerry, Ireland",52.267115,-9.697958,13409
Traralgon,-38.1942825,146.531464,3248
"Trnp-nu, North Dakota, USA",47.6011,-103.2642,8889
"Troost, Missouri, USA",39.10465,-94.57055,7357
"Tualatin I-5 Roadway, Oregon, USA",45.399203,-122.745529,9104
"Tulsa, Oklahoma, USA",36.206699,-95.976402,7371
Tunki Road,51.622,100.92,-486760
"Turlock-S Minaret Street, Stanislaus, California",37.48822,-120.83592,310
Turtaryk street,41.317,69.335,-477607
"Udyogamandal, Eloor, India",10.073232,76.302765,11919
"Uintah, Utah",40.4525801,-109.5094572,4464
"Uiryeong-eup, Gyeongnam, South Korea (의령읍 경남)",35.315748,128.253757,12555
"Ukiah - Library, Mendocino, California",39.15047,-123.20655,326
ulitsa Plekhanova,53.198,45.008,-465922
ulitsa Suvorova,53.2005869066,44.99773580384,-245032
University of Aruba,12.5238106714004,-70.0345986282908,-399904
"University of Karachi, Institute of Space Science and Technology ",24.9357784726315,67.1141091441466,-401143
UPM,-33.117877,-58.290852,-548206
"Urgakh Naran, Ulaanbaatar (Ургах наран)",47.8664611,107.1180194,8601
"USMC Reserve Center, Hillsborough, Florida, USA",27.8925,-82.538333333333,6292
"Vagen, Stavanger, Norway",58.972648854584,5.7264978609344,14668
"valdemoro, Madrid, Spain",40.185240999816,-3.680265000141,8251
"Valemount Firehall, British Comlumbia, Canada",52.832459,-119.269821,4249
"Valle Escombreras, Murcia, Spain",37.574442,-0.926557287080167,5187
"Vanderhoof, British Comlumbia, Canada",54.0163,-124.0061,4248
Vardevej,55.9,8.516,-102532
"VELA STRAŽA (Dugi otok), Croatia",43.991499666667,15.058111111111,12664
"Velódromo, Puebla, Mexico",19.115858055556,-98.277487222222,11798
"Verneuil, France",46.81467,2.61012,6589
"Vernon Science Centre, British Comlumbia, Canada",50.260617,-119.270723,4199
Via Solari,40.93809076745,9.49770927451,-121750
Via Ticino,39.614,8.814,-231805
Viljandi mnt,58.992,24.83,-536008
"Villa Maria Del Triunfo, Lima, Peru",-12.16639,-76.92,382
"Vilsandi, Estonia",58.376218,21.844614,9456
"Virginia, Minnesota, USA",47.5212,-92.5393,7337
"Visby Österväg 17, Sweden",57.6369282072765,18.303565072769,13987
"Visoko centar, Bosnia Herzegovina",44.199167,17.912778,12656
Volkova Street,55.786,49.142,-233800
"Vũng Tàu/Tiểu học Tóc Tiên - TX.Phú Mỹ, Vietnam",10.589853,107.131743,14643
"W 12th Ave, Airway Heights, Washington, USA",47.64476,-117.58913,97
"Waco Mazanec, Waco, Texas",31.6530743,-97.0706982,198
Wagga Wagga Nth South-west Slopes,-35.104407,147.360512,3274
Waira Redcoco NJ S29 153678,7.88967,-76.631279,-472909
Waira S22 Crr13 Mob 6d594c,6.03007,-75.424171,-372961
Walk Bike Nashville-,36.1013519528728,-86.7256513454521,-506635
"Wallacedene-NAQI, City of Cape Town, South Africa",-33.857194,18.725778,14070
"Wandsworth - Lavender Hill (Clapham Jct), United Kingdom",51.4636903568111,-0.166713485994806,14625
"Ward, Alabama, USA",32.36253,-88.27792,8198
"Wasserkuppe, Germany",50.498888888889,9.9366666666667,10867
"Water Company, Jincheng (晋城自来水公司)",35.5051,112.85,3516
"Water Tower, Waterloo, Iowa, USA",42.5014,-92.315804,6923
"Watertown, South Dakota, USA",44.89965,-97.128802,7492
"Wenshang Government New District, Wenshang County (汶上县汶上政务新区)",35.702778,116.488056,10313
"Wentworth Reservior-NAQI, eThekwini Metro, South Africa",-29.934094,30.988622,11837
West Mackay,-21.1595,149.1549,5124
"West Phoenix, Maricopa, USA",33.483611111111,-112.1425,5953
"West Side, Saint John, NewBrunswick, Canada",45.25315,-66.079931,8845
"West, Singapore",1.3880078,103.698064,1665
Western LLS Bourke,-30.0362,145.9521,12388
Western LLS Broken Hill,-32.0012,141.4694,12389
Western LLS Cobar,-31.4837,145.8293,12390
Western LLS Hillston,-33.491,145.5242,12393
Western LLS Ivanhoe,-33.0548,144.154,12394
Western LLS Tibooburra,-29.4448,142.0568,12396
Western LLS White Cliffs,-30.8517,143.0742,12397
"WHlthDpt, Kansas, USA",37.7011,-97.3139,9189
"Williams Lake Columneetza School, British Comlumbia, Canada",52.14428,-122.150391,5370
"Williams Middle School, South Carolina, USA",34.2143,-79.7673,7484
Willow Creek Mine,55.6355,-122.235639,-529768
"Willow Sensor , Alaska",61.736924,-150.058138,-498331
"Wind Cave, South Dakota, USA",43.557613,-103.483658,7487
"Windsor West, Ontario, Canada",42.292889,-83.073139,39
"Winnipeg Scotia St., Manitoba, Canada",49.931999,-97.11325,6908
"Woodlawn Beach Middle School, Santa Rosa, Florida, USA",30.394166666667,-87.008055555556,6306
"Worcester-NAQI, Cape Winelands, South Africa",-33.627489,19.468318,11576
"World Trade Bridge, Laredo, Texas",27.599444,-99.533333,199
"Worli, Mumbai, India",18.9936162,72.8128113,11921
"Wrexham, United Kingdom",53.04222,-3.002778,11651
"Wrocław - Wiśniowa, Poland",51.086225,17.012689,8129
"wǔ lián shíyàn xué, Wulian County (五莲县五莲实验学)",35.757222,119.210556,10338
"Wubao County Government, Yulin (榆林吴堡县政府)",37.458404999892,110.74612700036,11159
"Wuerhequ trade buidling, Karamay (克拉玛依乌尔禾区商贸楼)",46.0872,85.6931,4300
Wynyard,-40.992,145.718,3278
"Xiaozhao, Hohhot (呼和浩特小召)",40.7999638,111.6612439,935
"Xinhua Hotel, Pingdingshan (平顶山新华旅馆)",33.721,113.322,4335
"Xunyi County Environmental Protection Bureau, Xianyang (咸阳旬邑县环保局)",35.108611110315,108.32305560044,11117
"Yalong Bay, Sanya (三亚亚龙湾 )",18.224495,109.62038,7086
Yangjiang (阳江),21.857958,111.982232,4343
Yaroslava Mudroho Street,49.7962124969134,30.1168595242201,-252856
"Yellowstone- Old Faithful Snow Lodge, Wyoming, USA",44.373056,-110.830833,12867
"Yijun County Government, Tongchuan (铜川宜君县政府)",35.398888889811,109.11166669956,11127
Yili (伊犁哈萨克),43.936771,81.324433,7912
Yingkou (营口),40.667012,122.235418,3480
Yogyakarta Gondokusuman,-7.7868800163269,110.388000488281,-416902
Yueyang (岳阳),29.357104,113.128958,1535
"Yuma Supersite, Arizona, USA",32.690277,-114.614441,8395
"Yumeimachi, Omuta, Fukuoka, Japan (国設大牟田大牟田市)",33.0300761,130.4462574,2092
"Yutai old government, Yutai County (鱼台县鱼台老政府)",34.996111,116.6475,10307
"Zabol, Sistan va blouchestan, Iran (زابل سیستان و بلوچستان)",31.26519,61.71622,10791
"Zagreb-3, Croatia",45.764947222222,16.006469444444,5152
"Zarand, Kerman, Iran (زرند كرمان)",30.8002652,56.590027,10643
Zavkhan aimag - Uliastai khot,47.74201,96.84668,-546163
Zeil,50.1155,8.6842,-206920
Zeitz,51.0546,12.1413,-504613
"Zero Point GICI, Gangtok, India",27.33853,88.614099,14697
"Zhudong, Taiwan (竹東)",24.740644,121.088903,1608
Zhuhai (珠海),22.270715,113.576726,1540
Δ1,40.62970510428,23.01996231079,-530002
Χαλάστρα,40.63067024353,22.73436927051,-529258
А-159,44.326,40.2,-356530
"Абай Бульвары, 14",47.965388333333,80.437361111111,-517522
Абай көшесі әкімдік ауданы,49.633610833333,72.855277222222,-517537
Абая (Островского) 13,50,83.503052777778,-517582
"Ақтөбе облысы Темір ауданы Шұбарши ауылдық округі әкімінің аппараты"" ММ Геоллог к-сі 25д",48.579916666667,57.178694444444,-534346
"Арал ауданы, Бақтыбай батыр көшесі №119, № 220 ОМ",46.808666388889,61.646471944444,-517549
Аскизская улица,53.69583771613,91.40503495932,-468403
"Бородин к-сі, №144 үйдің ауданы",53.228382222222,63.630640277778,-527422
бульвар Энтузиастов,54.56806933241,36.2713030971,-251626
"Бурабай кенті, Кенесары көшесі, 45 (мектеп аумағы. С. Сейфуллин)",53.085925,70.301633055556,-517459
Взлётная улица,53.336,83.69,-349525
вуліца 28 Ліпеня,52.072,23.75,-484666
вуліца Каліноўскага,53.946,27.634,-367567
Гагарин көшесі 216,45.006943055556,78.360648055556,-517771
Дальняя улица,55.252,61.092,-459922
Жана Кайрат,43.312,77.001,-114514
"Жылыой ауданы,  «МГӨБ» индустриалды аймағы ауданы",46.942026666667,53.98525,-517939
Зелёная улица,47.13,142.766,-212287
Ивановская улица,56.928,41.094,-466690
"К. А. Байтұрсынов, 25",51.123243888889,71.484431388889,-517726
Кандагаш,49.4718,57.4229,-402853
Кара-Балтинская улица,42.8852634775,74.55434883468,-82948
Козацька вулиця,49.4379650015651,32.0983775288354,-499465
Колпинское шоссе,59.732,30.468,-344473
Комсомольская улица,51.848,107.62,-197362
Красный проспект,55.04,82.918,-377965
Крупская улица,47.7480871666,40.08643716574,-400165
қала орталығында,43.293388611111,68.289555277778,-517555
Қосай ата көшесі 15 (Ы.Алтынсарин),45.324271666667,55.186155277778,-517435
Лесная улица,46.804,134.252,-124039
Майкудук,49.89694734144,73.21129202843,-506290
"Мақат аудандық Мәдениет үйі, Алаш көшесі, 23",47.645055277778,53.33225,-517483
Менжинского улица,44.618,33.604,-379015
Московский проспект,59.124,37.91,-372688
"МҮ, Құрманғазы ауданы, Абай көшесі, 50 үй",46.602721944444,49.270610833333,-517489
Н2706,54.682,30.662,-187555
Набережная улица,48.796,44.74,-359809
Озёрный переулок,56.194,95.716,-248230
Октябрьский район,52.788,41.368,-227467
"Панфилов ауданы, Жаркент қаласы, Ы.Кошкунова, № 7/5",44.153527222222,79.990333333333,-517471
Первомайская улица,53.711573,87.80526,-466663
Пилипа Орлика вулиця,48.2654425471542,25.9336764558866,-351934
проспект Губкина,55.068,73.284,-373414
проспект Нариманова,54.332,48.386,-93181
проспект Строителей,56.136,40.36,-70813
Револуције,42.988,20.338,-248989
Садовый переулок,55.72249067894,38.21110904217,-253270
сельское поселение Село Архангельское,44.61,44.078,-191194
"Сырдария көшесі, 3",47.097383055556,51.944210555556,-521803
"Т. Нысанов көшесі, 96",47.049283055556,50.804605,-517486
улица 60 лет Октября,56.982,43.16,-478996
улица Андрианова,57.012,40.984,-196681
улица Артёма,53.6232781,55.9029164,-249373
улица Багратиона,52.22,104.306,-511858
улица Кирова,52.02143631066,113.53872567415,-483811
улица Кирова,58.708,50.19,-188203
улица Ленина,55.44519301431,65.33691376448,-361672
улица Осоавиахима,44.714,37.756,-357847
улица Старцева,58.0076057,56.31285648116,-156052
улица Труда,53.364,58.948,-498187
улица Ушакова,55.38974532276,86.00716710091,-372097
улица Ферсмана,67.57,33.402,-409807
улица Фурманова,57.372,41.278,-478030
улица Янгеля,48.59204846814,45.72048190643,-95662
Утвинская к-сі 17,51.160195277778,52.997263611111,-517714
Центральная улица,55.35,36.906,-364255
Ш. Жәнібек көшесі,50.249055555556,66.921222222222,-517540
шағын аудан 32А,43.687244722222,51.160561111111,-517408
"Шиелі ауданы, Ш.Есенов көшесі №8, № 127 им. Ш. Уәлиханов",44.196944166667,66.729471944444,-517546
"Широкая көшесі, 44",49.978388333333,82.635583055556,-517492
"Шоссейная к., №171 үйдің ауд.",52.951750277778,70.253757222222,-517393
Шуақты көшесі 91-де,52.4892025,73.096111111111,-518458
Шуя қалалық ауруханасынан 10 метр. Макаренко,43.612483055556,73.744909444444,-517426
เทศบาลตำบลศรีธาตุ,16.972655,103.228358,-220615
"光明街小学, Ulanqab (乌兰察布光明街小学)",41.0385,113.1076,9890
"圣泉水务公司, Bazhong (巴中圣泉水务公司)",31.8653,106.7417,10953
"城北区政府, Xining (西宁城北区政府)",36.6428,101.7775,9893
"廉江新兴,  (湛江市廉江新兴)",21.613355,110.296686,14321
"徐闻海安,  (湛江市徐闻海安)",20.521388,110.314666,14219
"惠来惠城,  (揭阳市惠来惠城)",23.036388,116.289722,14312
"文华路边站,  (佛山市文华路边站)",23.0097,113.1291,14411
"芒市人民政府综合楼, Dehong (德宏州芒市人民政府综合楼)",24.4335,98.589,14523
"质量技术监督局, Diqing (迪庆州质量技术监督局)",27.8094,99.7136,14522
"高新知青,  (肇庆市高新知青)",23.309117,112.818562,14223
,54.80380165602,37.17250943184,-247465
